id,X,Y,Maison
1,2459585.730814444,3984436.983484476,0
2,2460054.4878708264,3985595.8316950193,257
3,2460877.1491156914,3983319.032963216,514
4,2461268.8224393213,3984575.477464034,771
5,2461401.3658509464,3986308.850755356,1028
6,2461788.9541142653,3986087.079860344,1285
7,2461939.396497837,3986311.378920526,1542
8,2462342.130526091,3984423.5999231166,1799
9,2462609.832342407,3983965.487488294,2056
10,2462992.7097375044,3985749.738136975,2313
11,2464337.1426608823,3983204.261552197,2570
